<?xml version="1.0" encoding="UTF-8"?>
<project-private xmlns="http://www.netbeans.org/ns/project-private/1">
    <editor-bookmarks xmlns="http://www.netbeans.org/ns/editor-bookmarks/2" lastBookmarkId="0"/>
    <open-files xmlns="http://www.netbeans.org/ns/projectui-open-files/2">
        <group>
            <file>file:/D:/backup%20desktop/PBO/PBO-Praktek3/LATSOALW12/JavaCollections/src/javacollections/Status.java</file>
            <file>file:/D:/backup%20desktop/PBO/PBO-Praktek3/LATSOALW12/JavaCollections/src/javacollections/Barang.java</file>
            <file>file:/D:/backup%20desktop/PBO/PBO-Praktek3/LATSOALW12/JavaCollections/src/javacollections/City.java</file>
            <file>file:/D:/backup%20desktop/PBO/PBO-Praktek3/LATSOALW12/JavaCollections/src/javacollections/ServicePackage.java</file>
        </group>
    </open-files>
</project-private>
